filename,width,height,class,xmin,ymin,xmax,ymax
crop001001.png,818,976,person,296,106,496,711
crop001001.png,818,976,person,167,180,300,650
crop001001.png,818,976,person,41,327,197,718
crop001001.png,818,976,person,38,135,214,687
crop001001.png,818,976,person,491,283,814,972
crop001002.png,1239,976,person,313,245,643,914
crop001002.png,1239,976,person,562,159,1004,966
crop001002.png,1239,976,person,993,54,1167,599
crop001002.png,1239,976,person,846,97,998,587
crop001002.png,1239,976,person,769,151,896,562
crop001002.png,1239,976,person,89,99,280,599
crop001002.png,1239,976,person,7,148,99,556
crop001003.png,851,976,person,465,71,653,696
crop001003.png,851,976,person,295,115,473,723
crop001003.png,851,976,person,201,178,346,690
crop001003.png,851,976,person,1,192,361,972
crop001004.png,835,976,person,350,135,511,724
crop001004.png,835,976,person,482,181,588,750
crop001004.png,835,976,person,675,233,830,976
crop001004.png,835,976,person,579,335,700,759
crop001004.png,835,976,person,570,180,708,677
crop001005.png,891,976,person,272,186,455,933
crop001005.png,891,976,person,415,124,631,965
crop001005.png,891,976,person,49,103,170,553
crop001005.png,891,976,person,143,130,239,574
crop001005.png,891,976,person,636,84,804,620
crop001005.png,891,976,person,770,71,891,606
crop001005.png,891,976,person,209,247,318,590
crop001005.png,891,976,person,218,142,330,580
crop001005.png,891,976,person,616,105,754,580
crop001006.png,970,976,person,163,160,382,975
crop001006.png,970,976,person,17,220,202,976
crop001006.png,970,976,person,412,118,593,717
crop001006.png,970,976,person,576,77,734,705
crop001006.png,970,976,person,376,115,517,671
crop001007.png,1272,767,person,897,286,1140,763
crop001007.png,1272,767,person,731,274,927,749
crop001007.png,1272,767,person,569,216,739,726
crop001007.png,1272,767,person,389,206,578,751
crop001007.png,1272,767,person,228,222,436,739
crop001007.png,1272,767,person,140,382,188,446
crop001007.png,1272,767,person,63,354,108,437
crop001007.png,1272,767,person,31,298,69,349
crop001007.png,1272,767,person,1,291,18,349
crop001007.png,1272,767,person,1090,198,1156,326
crop001008.png,713,700,person,522,34,711,700
crop001008.png,713,700,person,343,320,430,458
crop001008.png,713,700,person,201,282,280,419
crop001008.png,713,700,person,4,286,75,430
crop001008.png,713,700,person,2,145,41,230
crop001008.png,713,700,person,52,164,98,237
crop001008.png,713,700,person,138,160,192,237
crop001009.png,478,627,person,189,152,296,490
crop001010.png,589,852,person,150,183,430,735
crop001011.png,1124,826,person,203,172,398,788
crop001011.png,1124,826,person,175,288,220,364
crop001011.png,1124,826,person,417,312,567,715
crop001011.png,1124,826,person,542,165,708,772
crop001011.png,1124,826,person,736,113,936,826
crop001012.png,792,976,person,289,253,508,747
crop001013.png,740,976,person,197,162,566,830
crop001014.png,845,976,person,302,305,531,686
crop001015.png,619,964,person,222,329,400,671
crop001016.png,724,976,person,267,330,437,681
crop001016.png,724,976,person,270,224,452,535
crop001017.png,644,976,person,188,248,442,959
crop001018.png,699,976,person,199,163,550,921
crop001019.png,644,976,person,166,157,567,941
crop001020.png,767,976,person,250,265,550,939
crop001021.png,930,976,person,325,109,658,830
crop001022.png,707,976,person,293,251,506,778
crop001022.png,707,976,person,221,278,430,736
crop001023.png,1080,976,person,224,209,522,854
crop001023.png,1080,976,person,573,215,857,884
crop001023.png,1080,976,person,910,327,1077,975
crop001024.png,826,976,person,298,339,559,976
crop001025.png,784,976,person,268,293,531,757
crop001026.png,912,976,person,286,250,501,684
crop001026.png,912,976,person,480,283,644,641
crop001026.png,912,976,person,640,339,698,466
crop001027.png,843,976,person,306,229,566,818
crop001027.png,843,976,person,137,594,277,757
crop001027.png,843,976,person,543,620,746,847
crop001028.png,904,976,person,281,247,587,902
crop001028.png,904,976,person,649,180,902,976
crop001029.png,820,976,person,273,292,530,756
crop001030.png,949,976,person,242,226,475,690
crop001030.png,949,976,person,524,253,711,606
crop001031.png,846,976,person,289,247,501,654
crop001031.png,846,976,person,258,536,517,850
crop001031.png,846,976,person,159,617,490,976
crop001031.png,846,976,person,662,726,846,972
crop001032.png,865,976,person,318,226,575,786
crop001033.png,894,976,person,271,232,631,921
crop001034.png,800,976,person,299,241,533,733
crop001035.png,611,976,person,197,199,512,959
crop001036.png,656,976,person,198,278,433,729
crop001037.png,707,976,person,235,189,520,781
crop001038.png,1157,910,person,654,331,836,662
crop001038.png,1157,910,person,396,417,505,658
crop001038.png,1157,910,person,279,369,379,639
crop001038.png,1157,910,person,192,263,280,376
crop001038.png,1157,910,person,169,353,283,646
crop001038.png,1157,910,person,80,355,148,492
crop001039.png,666,976,person,259,302,429,787
crop001039.png,666,976,person,415,306,569,784
crop001039.png,666,976,person,81,156,242,945
crop001040.png,545,680,person,187,152,331,536
crop001040.png,545,680,person,318,175,448,525
crop001042.png,739,976,person,337,215,514,854
crop001042.png,739,976,person,508,244,688,772
crop001042.png,739,976,person,212,181,344,685
crop001042.png,739,976,person,35,196,205,728
crop001042.png,739,976,person,670,159,734,286
crop001043.png,559,976,person,129,181,344,860
crop001043.png,559,976,person,374,253,525,799
crop001044.png,431,461,person,171,133,260,330
crop001045.png,374,498,person,139,173,224,313
crop001045.png,374,498,person,269,352,342,498
crop001046.png,439,478,person,169,139,255,355
crop001046.png,439,478,person,105,110,191,269
crop001046.png,439,478,person,316,19,366,100
crop001046.png,439,478,person,357,5,405,106
crop001046.png,439,478,person,402,12,439,102
crop001046.png,439,478,person,105,24,142,77
crop001047.png,476,547,person,211,187,291,377
crop001047.png,476,547,person,376,185,461,354
crop001047.png,476,547,person,70,291,179,441
crop001047.png,476,547,person,15,347,127,488
crop001047.png,476,547,person,195,428,308,547
crop001048.png,586,557,person,233,197,391,521
crop001048.png,586,557,person,452,1,578,208
crop001048.png,586,557,person,112,61,219,201
crop001048.png,586,557,person,53,111,164,267
crop001048.png,586,557,person,1,185,153,452
crop001049.png,435,352,person,177,123,214,224
crop001049.png,435,352,person,217,127,254,230
crop001049.png,435,352,person,237,61,269,113
crop001049.png,435,352,person,286,63,322,116
crop001049.png,435,352,person,137,132,175,209
crop001050.png,843,976,person,212,303,386,747
crop001050.png,843,976,person,398,266,580,780
crop001050.png,843,976,person,716,306,821,456
crop001050.png,843,976,person,610,309,718,581
crop001050.png,843,976,person,143,278,215,451
crop001050.png,843,976,person,197,269,255,445
crop001050.png,843,976,person,380,315,440,481
crop001051.png,725,976,person,5,177,183,976
crop001051.png,725,976,person,168,445,250,648
crop001051.png,725,976,person,468,118,725,972
crop001051.png,725,976,person,223,251,366,678
crop001051.png,725,976,person,383,256,615,959
crop001051.png,725,976,person,163,250,257,497
crop001052.png,419,516,person,176,168,259,370
crop001053.png,600,976,person,193,239,500,932
crop001053.png,600,976,person,51,309,107,385
crop001053.png,600,976,person,105,297,183,472
crop001054.png,626,674,person,275,178,405,483
crop001054.png,626,674,person,205,221,266,328
crop001054.png,626,674,person,163,213,221,312
crop001054.png,626,674,person,326,179,429,467
crop001055.png,424,732,person,108,229,245,572
crop001055.png,424,732,person,345,236,409,385
crop001055.png,424,732,person,78,249,185,537
crop001056.png,514,424,person,155,170,231,307
crop001056.png,514,424,person,255,175,305,322
crop001056.png,514,424,person,372,170,414,273
crop001057.png,532,623,person,239,185,338,450
crop001058.png,823,976,person,284,236,541,914
crop001058.png,823,976,person,753,160,823,424
crop001059.png,681,976,person,149,220,395,821
crop001059.png,681,976,person,52,183,289,802
crop001060.png,663,976,person,174,242,459,971
crop001060.png,663,976,person,526,393,661,954
crop001061.png,676,924,person,282,265,435,723
crop001061.png,676,924,person,494,354,582,506
crop001063.png,399,976,person,191,217,345,815
crop001063.png,399,976,person,73,287,166,548
crop001063.png,399,976,person,285,303,393,551
crop001063.png,399,976,person,138,299,215,574
crop001064.png,869,598,person,146,146,291,486
crop001064.png,869,598,person,61,155,160,344
crop001064.png,869,598,person,303,183,424,509
crop001064.png,869,598,person,412,130,564,500
crop001064.png,869,598,person,575,116,730,523
crop001064.png,869,598,person,763,174,838,430
crop001066.png,633,794,person,216,165,469,668
crop001068.png,557,774,person,222,158,401,600
crop001068.png,557,774,person,35,105,119,262
crop001068.png,557,774,person,1,84,37,208
crop001068.png,557,774,person,67,583,233,774
crop001069.png,365,430,person,156,141,229,290
crop001069.png,365,430,person,97,134,168,248
crop001069.png,365,430,person,75,106,116,208
crop001069.png,365,430,person,29,102,63,174
crop001069.png,365,430,person,30,62,61,116
crop001069.png,365,430,person,105,280,169,376
crop001070.png,634,976,person,238,165,462,812
crop001070.png,634,976,person,131,224,240,448
crop001070.png,634,976,person,419,203,514,497
crop001070.png,634,976,person,493,247,583,515
crop001070.png,634,976,person,547,232,620,503
crop001071.png,556,793,person,189,242,375,668
crop001071.png,556,793,person,369,84,554,791
crop001072.png,1076,976,person,2,151,285,976
crop001072.png,1076,976,person,259,230,435,838
crop001072.png,1076,976,person,425,324,570,844
crop001072.png,1076,976,person,598,275,752,792
crop001072.png,1076,976,person,502,278,650,823
crop001072.png,1076,976,person,780,272,967,786
crop001072.png,1076,976,person,989,303,1076,709
crop001072.png,1076,976,person,670,268,801,792
crop001073.png,468,740,person,83,202,264,740
crop001073.png,468,740,person,342,180,432,420
crop001073.png,468,740,person,287,182,394,410
crop001073.png,468,740,person,232,182,305,338
crop001073.png,468,740,person,413,253,468,471
crop001074.png,655,609,person,426,233,530,454
crop001074.png,655,609,person,345,310,404,474
crop001074.png,655,609,person,392,207,470,464
crop001074.png,655,609,person,561,259,630,459
crop001074.png,655,609,person,215,202,295,449
crop001074.png,655,609,person,160,190,248,428
crop001074.png,655,609,person,287,208,387,418
crop001074.png,655,609,person,104,194,162,357
crop001074.png,655,609,person,2,216,112,609
crop001075.png,493,769,person,211,202,334,626
crop001075.png,493,769,person,369,211,476,461
crop001075.png,493,769,person,33,250,116,504
crop001075.png,493,769,person,164,280,239,506
crop001078.png,480,502,person,262,132,355,373
crop001078.png,480,502,person,171,118,274,374
crop001078.png,480,502,person,11,106,144,491
crop001078.png,480,502,person,361,119,420,236
crop001078.png,480,502,person,132,122,212,335
crop001079.png,527,778,person,171,175,329,632
crop001079.png,527,778,person,367,341,455,579
crop001079.png,527,778,person,351,197,431,378
crop001079.png,527,778,person,6,223,96,459
crop001079.png,527,778,person,102,204,153,351
crop001081.png,360,506,person,159,138,228,365
crop001081.png,360,506,person,1,195,71,433
crop001081.png,360,506,person,1,50,53,220
crop001081.png,360,506,person,59,67,101,165
crop001081.png,360,506,person,198,47,242,156
crop001081.png,360,506,person,137,50,184,168
crop001081.png,360,506,person,235,114,288,202
crop001081.png,360,506,person,258,50,301,150
crop001083.png,594,809,person,249,214,405,659
crop001083.png,594,809,person,59,241,122,432
crop001083.png,594,809,person,145,226,226,418
crop001083.png,594,809,person,3,202,70,422
crop001083.png,594,809,person,227,227,327,464
crop001084.png,749,976,person,227,296,430,975
crop001084.png,749,976,person,63,217,260,729
crop001084.png,749,976,person,423,226,545,489
crop001084.png,749,976,person,674,247,749,452
crop001084.png,749,976,person,560,259,622,414
crop001084.png,749,976,person,630,254,702,408
crop001085.png,409,976,person,5,212,234,793
crop001085.png,409,976,person,172,206,277,523
crop001086.png,602,976,person,233,266,398,785
crop001086.png,602,976,person,44,213,147,707
crop001086.png,602,976,person,136,268,229,656
crop001086.png,602,976,person,392,228,516,923
crop001086.png,602,976,person,446,45,601,975
crop001086.png,602,976,person,344,232,443,424
crop001087.png,345,976,person,207,297,341,763
crop001087.png,345,976,person,1,348,152,763
crop001087.png,345,976,person,117,245,218,589
crop001087.png,345,976,person,219,207,312,392
crop001087.png,345,976,person,73,242,153,386
crop001088.png,498,976,person,241,176,458,956
crop001088.png,498,976,person,84,228,280,776
crop001088.png,498,976,person,437,299,494,524
crop001088.png,498,976,person,46,279,164,604
crop001089.png,735,976,person,443,110,689,976
crop001089.png,735,976,person,276,196,481,827
crop001089.png,735,976,person,220,239,355,623
crop001089.png,735,976,person,45,223,207,634
crop001090.png,980,976,person,2,141,142,976
crop001090.png,980,976,person,135,199,353,976
crop001090.png,980,976,person,326,245,523,775
crop001090.png,980,976,person,532,285,677,772
crop001090.png,980,976,person,602,223,873,976
crop001090.png,980,976,person,815,99,980,940
crop001091.png,668,976,person,297,180,446,796
crop001091.png,668,976,person,98,135,269,961
crop001091.png,668,976,person,449,210,563,603
crop001091.png,668,976,person,573,232,668,597
crop001092.png,690,976,person,273,170,439,916
crop001092.png,690,976,person,585,237,690,572
crop001092.png,690,976,person,449,207,606,752
crop001092.png,690,976,person,1,297,64,906
crop001092.png,690,976,person,91,197,237,797
crop001093.png,908,976,person,6,180,123,745
crop001093.png,908,976,person,696,139,883,952
crop001093.png,908,976,person,325,293,473,882
crop001093.png,908,976,person,508,172,686,839
crop001093.png,908,976,person,200,224,324,793
crop001094.png,775,879,person,414,244,541,675
crop001094.png,775,879,person,518,251,608,500
crop001094.png,775,879,person,596,260,666,492
crop001094.png,775,879,person,678,276,765,505
crop001094.png,775,879,person,254,238,382,670
crop001094.png,775,879,person,218,270,281,465
crop001094.png,775,879,person,135,265,218,484
crop001094.png,775,879,person,10,261,61,442
crop001094.png,775,879,person,61,238,115,322
crop001094.png,775,879,person,59,267,132,515
crop001095.png,770,976,person,637,201,723,463
crop001095.png,770,976,person,368,717,631,976
crop001095.png,770,976,person,194,151,325,869
crop001095.png,770,976,person,321,223,397,508
crop001095.png,770,976,person,399,208,577,720
crop001095.png,770,976,person,131,237,235,541
crop001096.png,533,787,person,201,198,303,590
crop001096.png,533,787,person,66,306,109,398
crop001096.png,533,787,person,112,268,180,412
crop001096.png,533,787,person,312,250,369,393
crop001096.png,533,787,person,358,273,429,429
crop001096.png,533,787,person,408,251,533,583
crop001096.png,533,787,person,449,269,533,489
crop001096.png,533,787,person,279,589,533,777
crop001097.png,723,496,person,518,140,639,496
crop001097.png,723,496,person,37,146,155,464
crop001097.png,723,496,person,151,114,219,403
crop001097.png,723,496,person,227,133,304,374
crop001097.png,723,496,person,315,132,387,207
crop001097.png,723,496,person,313,170,387,376
crop001097.png,723,496,person,396,162,467,375
crop001097.png,723,496,person,474,168,529,358
crop001097.png,723,496,person,268,151,324,296
crop001098.png,549,535,person,37,144,162,534
crop001098.png,549,535,person,157,143,244,400
crop001098.png,549,535,person,231,152,295,392
crop001098.png,549,535,person,320,172,393,404
crop001098.png,549,535,person,300,173,351,290
crop001098.png,549,535,person,362,152,409,281
crop001098.png,549,535,person,464,113,549,323
crop001099.png,661,976,person,548,252,651,580
crop001099.png,661,976,person,1,246,94,703
crop001099.png,661,976,person,68,413,197,844
crop001099.png,661,976,person,90,214,221,499
crop001099.png,661,976,person,187,207,427,811
crop001102.png,899,639,person,93,176,245,585
crop001102.png,899,639,person,644,19,898,639
crop001102.png,899,639,person,690,172,787,383
crop001102.png,899,639,person,627,154,717,433
crop001102.png,899,639,person,580,178,648,437
crop001102.png,899,639,person,509,180,598,422
crop001102.png,899,639,person,436,173,527,428
crop001102.png,899,639,person,349,175,443,427
crop001102.png,899,639,person,313,190,362,388
crop001102.png,899,639,person,212,171,280,390
crop001102.png,899,639,person,265,185,313,368
crop001103.png,541,610,person,231,189,334,437
crop001103.png,541,610,person,117,322,224,421
crop001103.png,541,610,person,10,282,116,408
crop001103.png,541,610,person,113,138,135,182
crop001103.png,541,610,person,92,140,114,189
crop001103.png,541,610,person,76,142,96,184
crop001103.png,541,610,person,367,140,397,179
crop001103.png,541,610,person,506,138,537,195
crop001103.png,541,610,person,56,144,79,180
crop001103.png,541,610,person,22,149,46,183
crop001103.png,541,610,person,4,146,23,178
crop001104.png,626,862,person,361,424,460,691
crop001104.png,626,862,person,559,280,626,499
crop001104.png,626,862,person,224,276,365,699
crop001104.png,626,862,person,92,240,229,667
crop001105.png,517,777,person,208,298,281,550
crop001105.png,517,777,person,6,417,94,707
crop001105.png,517,777,person,324,284,409,544
crop001105.png,517,777,person,295,146,517,767
crop001106.png,635,888,person,226,202,405,696
crop001107.png,920,976,person,430,227,534,721
crop001107.png,920,976,person,17,194,136,703
crop001107.png,920,976,person,233,151,471,866
crop001107.png,920,976,person,506,313,674,975
crop001107.png,920,976,person,679,259,810,879
crop001108.png,547,589,person,319,119,434,394
crop001108.png,547,589,person,153,168,309,450
crop001109.png,474,555,person,206,128,311,392
crop001110.png,554,687,person,259,277,324,478
crop001110.png,554,687,person,213,271,262,481
crop001110.png,554,687,person,38,285,85,405
crop001110.png,554,687,person,1,287,27,415
crop001111.png,514,716,person,209,245,305,500
crop001111.png,514,716,person,2,162,380,716
crop001112.png,522,488,person,446,186,512,392
crop001112.png,522,488,person,279,203,324,322
crop001112.png,522,488,person,230,199,282,321
crop001113.png,610,930,person,158,28,210,200
crop001113.png,610,930,person,435,73,495,208
crop001113.png,610,930,person,381,53,447,208
crop001113.png,610,930,person,101,50,157,200
crop001113.png,610,930,person,70,49,114,189
crop001113.png,610,930,person,310,94,357,205
crop001113.png,610,930,person,31,74,98,220
crop001113.png,610,930,person,563,105,609,196
crop001113.png,610,930,person,13,46,57,158
crop001113.png,610,930,person,222,261,362,745
crop001113.png,610,930,person,318,241,419,680
crop001113.png,610,930,person,347,202,461,620
crop001113.png,610,930,person,437,221,521,548
crop001113.png,610,930,person,499,162,589,548
crop001113.png,610,930,person,86,181,170,396
crop001114.png,952,938,person,1,318,114,759
crop001114.png,952,938,person,68,308,163,724
crop001114.png,952,938,person,93,258,198,732
crop001114.png,952,938,person,43,155,89,253
crop001114.png,952,938,person,129,117,184,258
crop001114.png,952,938,person,174,126,241,263
crop001114.png,952,938,person,309,162,343,253
crop001114.png,952,938,person,348,155,391,260
crop001114.png,952,938,person,790,258,952,742
crop001114.png,952,938,person,634,241,839,786
crop001114.png,952,938,person,453,228,597,789
crop001114.png,952,938,person,303,280,441,720
crop001114.png,952,938,person,233,245,340,637
crop001114.png,952,938,person,170,266,274,632
crop001115.png,476,394,person,237,114,290,298
crop001115.png,476,394,person,166,158,220,314
crop001115.png,476,394,person,196,114,244,292
crop001115.png,476,394,person,443,123,476,277
crop001116.png,582,439,person,178,174,217,331
crop001116.png,582,439,person,241,173,297,322
crop001116.png,582,439,person,299,200,352,329
crop001116.png,582,439,person,354,211,394,326
crop001116.png,582,439,person,372,153,429,335
crop001116.png,582,439,person,441,180,489,316
crop001116.png,582,439,person,453,221,534,341
crop001119.png,505,378,person,385,167,430,259
crop001119.png,505,378,person,342,171,382,259
crop001119.png,505,378,person,223,210,302,323
crop001119.png,505,378,person,206,126,272,303
crop001119.png,505,378,person,160,114,225,260
crop001119.png,505,378,person,78,156,128,267
crop001119.png,505,378,person,153,216,213,314
crop001120.png,612,500,person,227,150,280,338
crop001120.png,612,500,person,268,159,328,357
crop001120.png,612,500,person,353,148,417,343
crop001120.png,612,500,person,410,171,464,370
crop001120.png,612,500,person,578,201,612,352
crop001121.png,584,496,person,339,147,414,355
crop001121.png,584,496,person,250,160,328,393
crop001121.png,584,496,person,183,202,249,363
crop001121.png,584,496,person,29,177,82,349
crop001121.png,584,496,person,1,161,32,345
crop001122.png,507,571,person,271,181,339,422
crop001122.png,507,571,person,195,177,275,411
crop001123.png,557,631,person,196,136,288,493
crop001123.png,557,631,person,275,118,346,516
crop001123.png,557,631,person,326,146,380,411
crop001123.png,557,631,person,412,147,521,526
crop001124.png,496,716,person,372,210,479,579
crop001124.png,496,716,person,229,172,359,559
crop001124.png,496,716,person,107,160,178,550
crop001124.png,496,716,person,26,161,120,521
crop001124.png,496,716,person,155,175,218,453
crop001125.png,506,689,person,140,235,218,587
crop001125.png,506,689,person,247,205,352,560
crop001125.png,506,689,person,412,211,506,533
crop001125.png,506,689,person,372,255,434,497
crop001126.png,684,632,person,67,174,148,526
crop001126.png,684,632,person,174,215,228,465
crop001126.png,684,632,person,216,182,303,476
crop001126.png,684,632,person,303,204,386,461
crop001126.png,684,632,person,367,202,437,447
crop001126.png,684,632,person,426,207,500,465
crop001126.png,684,632,person,482,204,544,468
crop001126.png,684,632,person,554,216,631,448
crop001126.png,684,632,person,625,205,682,462
crop001127.png,690,586,person,178,146,284,530
crop001127.png,690,586,person,288,157,341,378
crop001127.png,690,586,person,368,157,447,444
crop001127.png,690,586,person,342,192,404,401
crop001128.png,631,789,person,195,189,422,789
crop001128.png,631,789,person,402,220,465,334
crop001128.png,631,789,person,465,214,527,375
crop001128.png,631,789,person,133,294,282,595
crop001128.png,631,789,person,415,317,590,669
crop001129.png,405,708,person,91,143,199,568
crop001129.png,405,708,person,178,95,246,439
crop001129.png,405,708,person,252,143,358,451
crop001129.png,405,708,person,340,139,404,303
crop001130.png,613,976,person,476,185,613,740
crop001130.png,613,976,person,420,187,556,569
crop001130.png,613,976,person,211,194,403,908
crop001130.png,613,976,person,96,261,241,779
crop001130.png,613,976,person,24,206,122,487
crop001130.png,613,976,person,100,218,169,356
crop001131.png,600,976,person,515,279,600,822
crop001131.png,600,976,person,1,235,132,963
crop001131.png,600,976,person,223,220,388,825
crop001131.png,600,976,person,352,224,440,470
crop001131.png,600,976,person,160,237,260,603
crop001131.png,600,976,person,478,262,543,582
crop001132.png,692,976,person,55,189,127,494
crop001132.png,692,976,person,113,231,246,808
crop001132.png,692,976,person,107,168,158,463
crop001132.png,692,976,person,213,168,275,400
crop001132.png,692,976,person,241,218,431,951
crop001132.png,692,976,person,379,179,434,380
crop001132.png,692,976,person,453,230,523,438
crop001132.png,692,976,person,540,186,610,376
crop001132.png,692,976,person,599,200,675,394
crop001132.png,692,976,person,458,347,607,913
crop001133.png,592,476,person,1,199,219,475
crop001133.png,592,476,person,127,141,200,351
crop001133.png,592,476,person,226,192,292,407
crop001133.png,592,476,person,302,145,369,337
crop001133.png,592,476,person,375,147,439,377
crop001133.png,592,476,person,436,164,513,330
crop001134.png,451,612,person,22,170,138,611
crop001134.png,451,612,person,265,225,400,608
crop001134.png,451,612,person,156,166,306,455
crop001134.png,451,612,person,96,136,182,461
crop001134.png,451,612,person,363,147,447,611
crop001134.png,451,612,person,266,172,361,354
crop001135.png,401,484,person,1,227,73,367
crop001135.png,401,484,person,141,128,238,372
crop001136.png,555,462,person,208,147,242,290
crop001136.png,555,462,person,241,158,279,298
crop001137.png,513,730,person,357,205,445,562
crop001137.png,513,730,person,222,198,336,607
crop001137.png,513,730,person,146,255,237,547
crop001137.png,513,730,person,5,200,123,730
crop001137.png,513,730,person,419,221,500,642
crop001138.png,612,736,person,529,142,612,417
crop001138.png,612,736,person,411,427,610,731
crop001138.png,612,736,person,343,221,448,692
crop001138.png,612,736,person,230,227,366,671
crop001138.png,612,736,person,191,218,296,581
crop001138.png,612,736,person,60,195,158,605
crop001140.png,504,708,person,189,224,292,607
crop001140.png,504,708,person,298,304,437,602
crop001140.png,504,708,person,413,179,502,708
crop001141.png,772,976,person,576,180,657,416
crop001141.png,772,976,person,602,192,724,569
crop001141.png,772,976,person,436,210,552,748
crop001141.png,772,976,person,200,210,362,727
crop001141.png,772,976,person,321,227,447,755
crop001141.png,772,976,person,46,213,131,410
crop001141.png,772,976,person,117,218,200,438
crop001141.png,772,976,person,170,221,233,355
crop001142.png,562,756,person,189,168,296,495
crop001142.png,562,756,person,302,243,557,756
crop001142.png,562,756,person,434,185,562,645
crop001143.png,649,698,person,146,433,306,697
crop001143.png,649,698,person,578,159,645,392
crop001143.png,649,698,person,535,91,605,331
crop001143.png,649,698,person,474,133,579,430
crop001143.png,649,698,person,423,150,516,496
crop001143.png,649,698,person,275,170,447,523
crop001143.png,649,698,person,188,124,301,484
crop001143.png,649,698,person,133,106,219,435
crop001143.png,649,698,person,68,79,146,337
crop001143.png,649,698,person,296,1,383,123
crop001143.png,649,698,person,415,14,486,170
crop001143.png,649,698,person,367,40,431,162
crop001143.png,649,698,person,143,8,214,141
crop001144.png,604,510,person,497,183,562,359
crop001144.png,604,510,person,418,154,494,374
crop001144.png,604,510,person,348,159,427,386
crop001144.png,604,510,person,319,134,372,379
crop001144.png,604,510,person,269,145,327,365
crop001144.png,604,510,person,234,202,293,393
crop001144.png,604,510,person,204,193,251,363
crop001144.png,604,510,person,167,158,220,354
crop001144.png,604,510,person,130,148,177,365
crop001144.png,604,510,person,92,222,156,422
crop001144.png,604,510,person,183,360,302,507
crop001144.png,604,510,person,435,300,566,462
crop001145.png,600,513,person,484,267,576,512
crop001145.png,600,513,person,390,215,457,511
crop001145.png,600,513,person,304,210,398,505
crop001145.png,600,513,person,243,174,336,424
crop001145.png,600,513,person,10,99,76,316
crop001145.png,600,513,person,70,84,138,316
crop001145.png,600,513,person,152,127,215,275
crop001145.png,600,513,person,346,97,399,220
crop001145.png,600,513,person,490,98,551,236
crop001146.png,584,720,person,250,193,413,719
crop001146.png,584,720,person,1,28,251,705
crop001146.png,584,720,person,386,1,513,308
crop001146.png,584,720,person,316,1,402,264
crop001147.png,441,618,person,70,133,108,256
crop001147.png,441,618,person,3,121,45,280
crop001147.png,441,618,person,140,115,177,278
crop001147.png,441,618,person,238,129,273,271
crop001147.png,441,618,person,259,136,292,272
crop001147.png,441,618,person,285,112,334,269
crop001147.png,441,618,person,364,128,399,286
crop001147.png,441,618,person,379,94,440,269
crop001147.png,441,618,person,132,114,298,456
crop001148.png,343,304,person,156,62,223,221
crop001149.png,578,724,person,9,143,163,589
crop001149.png,578,724,person,123,155,229,554
crop001149.png,578,724,person,236,184,334,616
crop001149.png,578,724,person,304,127,378,456
crop001149.png,578,724,person,385,150,448,446
crop001149.png,578,724,person,524,174,578,367
crop001150.png,354,344,person,172,108,202,234
crop001150.png,354,344,person,265,104,345,344
crop001150.png,354,344,person,226,99,278,231
crop001150.png,354,344,person,113,108,155,233
crop001150.png,354,344,person,69,89,113,206
crop001151.png,773,976,person,263,192,566,893
crop001152.png,768,976,person,268,186,517,924
crop001152.png,768,976,person,267,101,375,261
crop001153.png,515,594,person,282,246,330,400
crop001153.png,515,594,person,253,265,296,415
crop001153.png,515,594,person,261,321,515,589
crop001154.png,884,976,person,288,123,654,976
crop001155.png,691,976,person,191,154,450,952
crop001156.png,574,976,person,167,169,323,796
crop001158.png,262,415,person,149,79,200,232
crop001158.png,262,415,person,234,95,260,162
crop001158.png,262,415,person,202,97,236,177
crop001158.png,262,415,person,132,90,161,155
crop001158.png,262,415,person,12,87,83,250
crop001158.png,262,415,person,58,89,148,327
crop001160.png,255,258,person,96,61,164,203
crop001162.png,349,412,person,105,83,195,360
crop001162.png,349,412,person,182,81,256,358
crop001162.png,349,412,person,260,100,317,309
crop001162.png,349,412,person,299,66,349,266
crop001163.png,228,453,person,11,86,110,373
crop001163.png,228,453,person,93,96,147,253
crop001164.png,1011,746,person,766,175,922,658
crop001164.png,1011,746,person,610,216,816,642
crop001164.png,1011,746,person,406,231,521,649
crop001164.png,1011,746,person,1,197,92,624
crop001164.png,1011,746,person,150,209,251,498
crop001164.png,1011,746,person,105,251,154,360
crop001164.png,1011,746,person,217,230,302,429
crop001164.png,1011,746,person,315,229,402,485
crop001164.png,1011,746,person,513,228,607,495
crop001200.png,667,976,person,225,166,435,849
crop001201.png,626,976,person,211,256,348,685
crop001201.png,626,976,person,429,249,511,621
crop001201.png,626,976,person,436,234,596,823
crop001202.png,620,976,person,10,235,110,690
crop001202.png,620,976,person,142,197,281,621
crop001202.png,620,976,person,208,199,387,856
crop001205.png,654,572,person,329,159,487,436
crop001205.png,654,572,person,200,132,344,432
crop001206.png,442,683,person,152,132,317,602
crop001206.png,442,683,person,341,152,441,391
crop001207.png,384,454,person,139,80,248,333
crop001207.png,384,454,person,2,73,84,450
crop001208.png,653,727,person,533,127,599,264
crop001208.png,653,727,person,360,116,415,240
crop001208.png,653,727,person,283,114,343,269
crop001208.png,653,727,person,132,123,289,436
crop001208.png,653,727,person,351,138,515,635
crop001210.png,338,723,person,153,137,310,547
crop001211.png,729,976,person,256,190,469,852
crop001211.png,729,976,person,396,144,545,442
crop001212.png,524,811,person,212,195,399,681
crop001212.png,524,811,person,286,175,406,482
crop001212.png,524,811,person,2,173,119,803
crop001213.png,601,976,person,7,200,98,489
crop001213.png,601,976,person,170,206,433,872
crop001213.png,601,976,person,439,196,601,634
crop001214.png,504,684,person,207,198,348,504
crop001214.png,504,684,person,17,162,126,535
crop001214.png,504,684,person,2,139,74,682
crop001216.png,549,713,person,148,86,373,565
crop001217.png,469,663,person,2,112,47,286
crop001217.png,469,663,person,51,106,105,273
crop001217.png,469,663,person,111,114,178,280
crop001217.png,469,663,person,254,87,328,255
crop001217.png,469,663,person,367,130,469,638
crop001217.png,469,663,person,160,132,336,567
crop001218.png,503,750,person,99,174,274,597
crop001219.png,431,602,person,134,113,274,459
crop001219.png,431,602,person,281,97,431,593
crop001220.png,433,692,person,1,250,207,687
crop001220.png,433,692,person,220,158,356,560
crop001222.png,643,765,person,362,189,641,761
crop001222.png,643,765,person,236,173,425,736
crop001222.png,643,765,person,378,98,446,342
crop001222.png,643,765,person,146,107,244,355
crop001230.png,637,823,person,420,199,547,514
crop001230.png,637,823,person,434,418,632,774
crop001230.png,637,823,person,230,167,373,644
crop001231.png,521,669,person,174,150,376,462
crop001232.png,669,930,person,235,148,368,532
crop001232.png,669,930,person,156,124,467,861
crop001232.png,669,930,person,524,109,659,925
crop001234.png,495,717,person,175,158,362,544
crop001235.png,680,859,person,278,180,474,740
crop001235.png,680,859,person,173,131,321,668
crop001236.png,748,629,person,140,153,242,485
crop001236.png,748,629,person,212,157,263,318
crop001236.png,748,629,person,335,165,381,316
crop001236.png,748,629,person,319,143,477,548
crop001236.png,748,629,person,481,159,607,466
crop001236.png,748,629,person,628,161,748,627
crop001237.png,488,610,person,3,70,115,610
crop001237.png,488,610,person,188,131,300,458
crop001237.png,488,610,person,261,153,308,252
crop001238.png,405,609,person,162,115,277,476
crop001238.png,405,609,person,332,116,405,560
crop001238.png,405,609,person,3,119,148,608
crop001241.png,480,584,person,210,137,350,500
crop001242.png,546,836,person,440,206,544,544
crop001242.png,546,836,person,178,159,431,801
crop001242.png,546,836,person,7,199,95,546
crop001246.png,314,707,person,136,165,285,566
crop001246.png,314,707,person,235,140,314,468
crop001247.png,569,865,person,1,179,139,640
crop001247.png,569,865,person,180,185,279,510
crop001247.png,569,865,person,195,141,425,715
crop001248.png,652,908,person,207,158,497,788
crop001250.png,854,976,person,242,78,593,855
crop001251.png,645,976,person,138,125,286,483
crop001251.png,645,976,person,406,96,541,473
crop001251.png,645,976,person,195,41,514,899
crop001252.png,511,623,person,162,111,346,524
crop001252.png,511,623,person,288,221,366,335
crop001253.png,635,976,person,142,190,287,532
crop001253.png,635,976,person,221,144,438,872
crop001254.png,417,976,person,268,186,393,541
crop001254.png,417,976,person,46,135,231,779
crop001255.png,415,751,person,208,150,374,554
crop001255.png,415,751,person,1,99,262,737
crop001256.png,508,627,person,152,224,218,358
crop001256.png,508,627,person,182,121,338,488
crop001256.png,508,627,person,303,86,471,625
crop001257.png,541,618,person,181,133,324,472
crop001257.png,541,618,person,298,97,514,616
crop001258.png,521,653,person,233,125,364,507
crop001258.png,521,653,person,14,96,218,649
crop001258.png,521,653,person,93,1,287,621
crop001259.png,501,771,person,153,129,396,667
crop001260.png,634,818,person,35,171,110,382
crop001260.png,634,818,person,98,201,153,385
crop001260.png,634,818,person,179,182,324,667
crop001260.png,634,818,person,266,154,415,607
crop001263.png,568,776,person,488,119,568,386
crop001263.png,568,776,person,466,129,524,304
crop001263.png,568,776,person,2,93,78,359
crop001263.png,568,776,person,117,106,191,281
crop001263.png,568,776,person,101,113,355,630
crop001263.png,568,776,person,257,99,350,376
crop001264.png,715,976,person,118,121,341,716
crop001264.png,715,976,person,283,92,511,794
crop001265.png,572,419,person,11,239,177,419
crop001265.png,572,419,person,165,107,223,276
crop001265.png,572,419,person,218,89,275,289
crop001265.png,572,419,person,245,107,350,356
crop001265.png,572,419,person,376,99,458,307
crop001265.png,572,419,person,493,103,537,267
crop001265.png,572,419,person,523,104,572,297
crop001267.png,618,441,person,504,164,577,345
crop001267.png,618,441,person,458,140,518,288
crop001267.png,618,441,person,334,141,428,339
crop001267.png,618,441,person,278,194,325,268
crop001267.png,618,441,person,230,147,294,315
crop001267.png,618,441,person,169,115,270,371
crop001267.png,618,441,person,104,151,171,315
crop001268.png,619,419,person,3,135,83,333
crop001268.png,619,419,person,109,106,193,288
crop001268.png,619,419,person,183,111,237,290
crop001268.png,619,419,person,205,103,296,322
crop001268.png,619,419,person,321,100,400,292
crop001268.png,619,419,person,392,117,473,336
crop001268.png,619,419,person,489,137,553,316
crop001268.png,619,419,person,446,107,501,299
crop001270.png,658,648,person,191,144,313,413
crop001270.png,658,648,person,310,211,498,538
crop001270.png,658,648,person,281,142,379,274
crop001271.png,379,420,person,139,91,191,268
crop001271.png,379,420,person,171,70,263,295
crop001271.png,379,420,person,258,131,318,225
crop001271.png,379,420,person,336,91,379,287
crop001272.png,446,448,person,117,71,274,380
crop001273.png,990,579,person,213,73,357,428
crop001273.png,990,579,person,544,90,621,313
crop001273.png,990,579,person,565,98,715,450
crop001274.png,467,754,person,165,80,329,655
crop001274.png,467,754,person,356,182,467,577
crop001275.png,445,687,person,146,146,333,554
crop001275.png,445,687,person,2,64,120,585
crop001276.png,586,918,person,112,256,196,590
crop001276.png,586,918,person,140,209,243,646
crop001276.png,586,918,person,210,148,425,863
crop001278.png,230,372,person,53,118,108,247
crop001500.png,248,345,person,98,98,165,246
crop001503.png,465,373,person,180,115,282,278
crop001505.png,1001,960,person,734,307,863,636
crop001505.png,1001,960,person,685,299,738,492
crop001505.png,1001,960,person,564,224,745,826
crop001505.png,1001,960,person,487,322,605,813
crop001505.png,1001,960,person,300,336,443,765
crop001505.png,1001,960,person,145,310,248,599
crop001505.png,1001,960,person,5,318,106,702
crop001505.png,1001,960,person,94,274,157,633
crop001505.png,1001,960,person,178,491,267,680
crop001506.png,577,836,person,140,266,235,576
crop001506.png,577,836,person,209,166,359,631
crop001506.png,577,836,person,336,176,412,522
crop001506.png,577,836,person,400,176,459,450
crop001506.png,577,836,person,410,377,519,585
crop001507.png,685,960,person,443,287,564,780
crop001507.png,685,960,person,233,289,418,762
crop001507.png,685,960,person,364,207,522,709
crop001507.png,685,960,person,1,277,117,637
crop001507.png,685,960,person,72,269,166,583
crop001508.png,836,920,person,496,241,614,718
crop001508.png,836,920,person,385,248,586,761
crop001508.png,836,920,person,296,251,440,723
crop001508.png,836,920,person,233,249,343,661
crop001508.png,836,920,person,1,248,135,873
crop001509.png,843,960,person,521,396,670,759
crop001509.png,843,960,person,389,273,545,800
crop001509.png,843,960,person,270,239,414,759
crop001509.png,843,960,person,10,410,189,951
crop001510.png,646,960,person,183,204,420,794
crop001510.png,646,960,person,6,370,86,689
crop001510.png,646,960,person,525,339,646,836
crop001513.png,1037,783,person,617,204,781,572
crop001513.png,1037,783,person,740,185,812,344
crop001513.png,1037,783,person,262,216,403,589
crop001513.png,1037,783,person,179,155,312,431
crop001515.png,564,659,person,300,223,399,515
crop001515.png,564,659,person,6,176,165,659
crop001515.png,564,659,person,108,190,192,418
crop001515.png,564,659,person,198,206,266,457
crop001516.png,763,960,person,149,231,444,941
crop001516.png,763,960,person,345,152,544,780
crop001516.png,763,960,person,494,215,549,392
crop001516.png,763,960,person,561,228,624,426
crop001516.png,763,960,person,634,233,715,487
crop001517.png,628,960,person,207,128,427,820
crop001517.png,628,960,person,538,278,628,666
crop001517.png,628,960,person,467,263,578,643
crop001517.png,628,960,person,75,213,160,489
crop001517.png,628,960,person,7,220,66,525
crop001518.png,585,742,person,297,208,392,582
crop001518.png,585,742,person,205,229,287,552
crop001518.png,585,742,person,136,256,241,642
crop001519.png,668,948,person,203,221,498,795
crop001519.png,668,948,person,180,198,303,679
crop001523.png,522,432,person,94,135,181,308
crop001523.png,522,432,person,1,143,109,430
crop001524.png,1003,937,person,531,182,742,833
crop001524.png,1003,937,person,746,151,820,318
crop001525.png,765,772,person,447,210,553,428
crop001525.png,765,772,person,648,242,763,766
crop001525.png,765,772,person,290,204,414,597
crop001525.png,765,772,person,198,207,309,500
crop001526.png,1048,960,person,507,237,678,785
crop001526.png,1048,960,person,444,173,530,480
crop001526.png,1048,960,person,267,198,503,829
crop001526.png,1048,960,person,63,158,178,441
crop001527.png,895,839,person,684,265,842,573
crop001527.png,895,839,person,405,286,595,631
crop001527.png,895,839,person,343,268,430,514
crop001527.png,895,839,person,159,225,366,595
crop001528.png,690,960,person,235,221,413,789
crop001528.png,690,960,person,134,236,236,477
crop001529.png,844,807,person,346,180,518,669
crop001529.png,844,807,person,490,178,582,465
crop001529.png,844,807,person,674,186,777,400
crop001529.png,844,807,person,570,171,616,359
crop001529.png,844,807,person,613,185,669,412
crop001530.png,719,531,person,35,164,220,522
crop001530.png,719,531,person,173,153,262,433
crop001530.png,719,531,person,258,146,297,343
crop001530.png,719,531,person,290,158,332,401
crop001530.png,719,531,person,358,170,458,403
crop001530.png,719,531,person,469,184,555,340
crop001532.png,972,960,person,487,250,736,847
crop001532.png,972,960,person,309,280,480,724
crop001534.png,1034,960,person,848,263,955,462
crop001534.png,1034,960,person,307,276,515,809
crop001534.png,1034,960,person,143,277,325,721
crop001534.png,1034,960,person,637,241,765,548
crop001534.png,1034,960,person,548,270,632,448
crop001534.png,1034,960,person,436,254,545,452
crop001536.png,862,797,person,575,312,655,483
crop001536.png,862,797,person,356,287,451,489
crop001536.png,862,797,person,236,292,335,540
crop001536.png,862,797,person,95,287,241,609
crop001537.png,694,546,person,407,221,497,389
crop001537.png,694,546,person,204,214,289,369
crop001537.png,694,546,person,69,211,164,418
crop001537.png,694,546,person,3,219,82,489
crop001538.png,714,756,person,141,196,335,644
crop001538.png,714,756,person,266,279,407,679
crop001538.png,714,756,person,472,153,573,399
crop001539.png,542,463,person,263,155,323,350
crop001539.png,542,463,person,235,146,282,363
crop001540.png,724,708,person,415,251,556,577
crop001540.png,724,708,person,218,218,351,494
crop001541.png,929,960,person,280,287,457,777
crop001541.png,929,960,person,451,310,521,576
crop001541.png,929,960,person,517,296,601,554
crop001541.png,929,960,person,1,295,88,569
crop001541.png,929,960,person,83,284,173,472
crop001541.png,929,960,person,223,317,336,543
crop001542.png,681,692,person,491,234,561,464
crop001542.png,681,692,person,410,205,494,470
crop001542.png,681,692,person,236,178,373,499
crop001542.png,681,692,person,140,200,200,453
crop001542.png,681,692,person,187,187,254,413
crop001542.png,681,692,person,22,184,102,412
crop001543.png,349,355,person,293,126,320,201
crop001543.png,349,355,person,144,137,185,231
crop001547.png,420,300,person,234,152,259,205
crop001547.png,420,300,person,201,157,233,219
crop001547.png,420,300,person,165,148,198,204
crop001547.png,420,300,person,92,92,125,156
crop001547.png,420,300,person,32,120,70,188
crop001547.png,420,300,person,27,241,67,300
crop001548.png,291,262,person,106,99,162,185
crop001548.png,291,262,person,17,58,45,117
crop001548.png,291,262,person,139,26,170,87
crop001548.png,291,262,person,219,43,235,101
crop001550.png,955,886,person,852,52,955,473
crop001550.png,955,886,person,552,182,775,633
crop001550.png,955,886,person,298,216,568,726
crop001551.png,797,828,person,659,2,797,355
crop001551.png,797,828,person,415,188,613,645
crop001551.png,797,828,person,144,510,427,825
crop001551.png,797,828,person,123,181,326,691
crop001552.png,914,847,person,761,45,876,239
crop001552.png,914,847,person,158,254,343,635
crop001552.png,914,847,person,1,462,120,843
crop001552.png,914,847,person,347,262,568,661
crop001552.png,914,847,person,640,218,793,656
crop001552.png,914,847,person,508,250,679,688
crop001553.png,562,726,person,177,174,385,582
crop001553.png,562,726,person,19,220,138,419
crop001553.png,562,726,person,13,391,158,591
crop001554.png,495,637,person,178,160,296,536
crop001556.png,713,497,person,488,74,592,268
crop001556.png,713,497,person,178,127,277,339
crop001556.png,713,497,person,21,183,131,313
crop001557.png,579,487,person,253,121,332,248
crop001557.png,579,487,person,252,162,335,343
crop001557.png,579,487,person,9,309,77,419
crop001557.png,579,487,person,61,250,101,396
crop001557.png,579,487,person,89,256,143,427
crop001557.png,579,487,person,132,247,211,404
crop001557.png,579,487,person,199,263,257,405
crop001557.png,579,487,person,191,180,258,291
crop001558.png,744,515,person,369,286,447,432
crop001558.png,744,515,person,291,239,378,425
crop001559.png,1025,704,person,642,144,776,543
crop001559.png,1025,704,person,504,158,642,563
crop001559.png,1025,704,person,413,191,550,558
crop001559.png,1025,704,person,298,153,459,531
crop001559.png,1025,704,person,190,365,380,593
crop001559.png,1025,704,person,172,141,320,445
crop001559.png,1025,704,person,93,121,237,398
crop001559.png,1025,704,person,3,271,144,420
crop001559.png,1025,704,person,3,151,72,392
crop001560.png,905,756,person,723,335,809,578
crop001560.png,905,756,person,515,234,677,586
crop001560.png,905,756,person,452,326,524,568
crop001560.png,905,756,person,399,288,474,539
crop001560.png,905,756,person,300,292,394,537
crop001560.png,905,756,person,257,292,333,559
crop001560.png,905,756,person,187,278,277,512
crop001560.png,905,756,person,7,298,86,535
crop001561.png,820,708,person,702,312,784,594
crop001561.png,820,708,person,629,468,751,587
crop001561.png,820,708,person,580,319,673,576
crop001561.png,820,708,person,488,256,614,587
crop001561.png,820,708,person,432,156,622,439
crop001561.png,820,708,person,288,322,433,559
crop001561.png,820,708,person,104,208,286,587
crop001561.png,820,708,person,38,327,133,563
crop001561.png,820,708,person,15,298,84,535
crop001562.png,298,232,person,199,86,228,179
crop001562.png,298,232,person,155,74,200,163
crop001562.png,298,232,person,72,51,114,170
crop001563.png,756,574,person,152,144,277,418
crop001563.png,756,574,person,262,136,399,430
crop001563.png,756,574,person,430,161,563,428
crop001563.png,756,574,person,573,138,665,433
crop001563.png,756,574,person,655,143,728,456
crop001563.png,756,574,person,590,1,706,206
crop001564.png,712,586,person,457,187,590,478
crop001564.png,712,586,person,318,186,498,350
crop001564.png,712,586,person,274,299,414,459
crop001564.png,712,586,person,174,138,296,374
crop001564.png,712,586,person,15,349,111,581
crop001564.png,712,586,person,121,338,249,584
crop001564.png,712,586,person,223,355,305,585
crop001565.png,546,579,person,283,294,463,544
crop001565.png,546,579,person,468,4,546,235
crop001565.png,546,579,person,320,11,492,143
crop001565.png,546,579,person,191,1,263,197
crop001565.png,546,579,person,287,113,429,253
crop001565.png,546,579,person,210,135,322,429
crop001565.png,546,579,person,156,123,243,434
crop001565.png,546,579,person,8,126,129,428
crop001567.png,277,330,person,85,94,163,257
crop001568.png,537,886,person,147,179,343,735
crop001569.png,1280,791,person,137,114,295,627
crop001569.png,1280,791,person,252,139,473,652
crop001569.png,1280,791,person,880,248,1055,791
crop001569.png,1280,791,person,695,251,910,708
crop001569.png,1280,791,person,614,88,820,701
crop001570.png,545,615,person,131,274,191,367
crop001570.png,545,615,person,34,161,88,277
crop001570.png,545,615,person,1,151,65,517
crop001570.png,545,615,person,114,174,201,309
crop001570.png,545,615,person,102,160,139,300
crop001570.png,545,615,person,75,164,109,221
crop001570.png,545,615,person,232,165,301,385
crop001570.png,545,615,person,264,160,366,453
crop001571.png,801,720,person,625,228,683,344
crop001571.png,801,720,person,614,333,696,440
crop001571.png,801,720,person,730,199,797,427
crop001571.png,801,720,person,757,211,801,486
crop001571.png,801,720,person,525,201,568,322
crop001571.png,801,720,person,440,210,562,582
crop001571.png,801,720,person,368,191,461,462
crop001571.png,801,720,person,343,179,400,371
crop001571.png,801,720,person,190,174,321,437
crop001571.png,801,720,person,33,183,88,329
crop001571.png,801,720,person,84,176,141,289
crop001571.png,801,720,person,585,206,630,334
crop001571.png,801,720,person,558,210,589,273
crop001572.png,660,569,person,4,163,84,441
crop001572.png,660,569,person,57,169,102,332
crop001572.png,660,569,person,246,181,291,324
crop001572.png,660,569,person,290,167,324,278
crop001572.png,660,569,person,425,175,514,405
crop001572.png,660,569,person,572,189,650,460
crop001572.png,660,569,person,533,170,598,362
crop001577.png,604,960,person,163,44,458,873
crop001577.png,604,960,person,15,229,140,500
crop001578.png,225,268,person,89,76,134,195
crop001579.png,274,314,person,101,77,189,303
crop001579.png,274,314,person,76,118,98,171
crop001580.png,637,960,person,237,215,392,800
crop001580.png,637,960,person,11,299,257,802
crop001580.png,637,960,person,470,174,635,954
crop001581.png,654,960,person,242,162,465,855
crop001581.png,654,960,person,135,202,213,613
crop001581.png,654,960,person,3,259,138,637
crop001582.png,682,960,person,221,31,450,803
crop001583.png,441,960,person,263,229,435,813
crop001583.png,441,960,person,121,200,291,867
crop001584.png,826,960,person,48,52,292,841
crop001584.png,826,960,person,298,122,509,835
crop001589.png,494,960,person,327,299,479,920
crop001589.png,494,960,person,308,178,436,666
crop001589.png,494,960,person,73,206,253,851
crop001589.png,494,960,person,36,163,132,670
crop001589.png,494,960,person,167,247,301,774
crop001591.png,785,960,person,188,91,424,909
crop001591.png,785,960,person,41,169,171,607
crop001592.png,716,503,person,426,208,504,417
crop001592.png,716,503,person,382,198,450,400
crop001592.png,716,503,person,299,195,368,384
crop001592.png,716,503,person,252,186,313,382
crop001592.png,716,503,person,131,190,188,418
crop001592.png,716,503,person,164,205,231,419
crop001592.png,716,503,person,2,184,51,413
crop001594.png,762,673,person,619,249,726,472
crop001594.png,762,673,person,590,206,673,481
crop001594.png,762,673,person,561,187,629,414
crop001594.png,762,673,person,440,187,581,547
crop001594.png,762,673,person,304,225,408,534
crop001594.png,762,673,person,187,212,324,526
crop001594.png,762,673,person,94,183,163,405
crop001594.png,762,673,person,20,194,91,372
crop001595.png,511,439,person,410,129,511,245
crop001595.png,511,439,person,411,167,467,282
crop001595.png,511,439,person,379,164,413,273
crop001595.png,511,439,person,324,136,389,345
crop001595.png,511,439,person,253,153,306,323
crop001595.png,511,439,person,221,150,271,267
crop001595.png,511,439,person,36,155,74,249
crop001595.png,511,439,person,89,148,126,251
crop001595.png,511,439,person,138,145,166,263
crop001595.png,511,439,person,162,150,185,250
crop001595.png,511,439,person,179,148,212,257
crop001595.png,511,439,person,205,139,238,275
crop001596.png,1027,850,person,646,220,841,701
crop001596.png,1027,850,person,351,231,480,800
crop001596.png,1027,850,person,6,219,99,420
crop001596.png,1027,850,person,146,148,231,500
crop001596.png,1027,850,person,190,203,335,800
crop001597.png,876,787,person,440,244,518,436
crop001597.png,876,787,person,269,196,463,706
crop001597.png,876,787,person,1,99,322,783
crop001598.png,695,882,person,302,263,468,747
crop001599.png,657,846,person,12,254,206,845
crop001599.png,657,846,person,223,210,410,804
crop001599.png,657,846,person,419,292,480,448
crop001600.png,391,566,person,147,162,268,422
crop001601.png,467,960,person,39,210,260,796
crop001603.png,493,960,person,285,348,414,802
crop001603.png,493,960,person,203,333,289,795
crop001603.png,493,960,person,424,331,493,813
crop001605.png,292,564,person,169,174,241,352
crop001606.png,359,408,person,168,132,234,295
crop001606.png,359,408,person,19,72,68,180
crop001606.png,359,408,person,1,71,29,171
crop001608.png,485,790,person,358,306,453,714
crop001608.png,485,790,person,193,407,281,586
crop001608.png,485,790,person,14,311,88,604
crop001609.png,602,458,person,310,176,355,315
crop001609.png,602,458,person,253,146,315,321
crop001609.png,602,458,person,394,101,441,202
crop001609.png,602,458,person,513,120,538,215
crop001609.png,602,458,person,472,102,505,202
crop001609.png,602,458,person,498,89,530,183
crop001610.png,603,372,person,344,166,397,361
crop001610.png,603,372,person,305,150,357,348
crop001611.png,641,931,person,341,356,432,708
crop001611.png,641,931,person,230,349,340,688
crop001612.png,862,781,person,566,279,663,547
crop001612.png,862,781,person,400,268,538,594
crop001612.png,862,781,person,282,216,425,592
crop001612.png,862,781,person,43,299,142,596
crop001612.png,862,781,person,3,287,74,553
crop001613.png,722,641,person,307,160,479,509
crop001613.png,722,641,person,5,188,90,439
crop001614.png,994,823,person,695,362,771,664
crop001614.png,994,823,person,651,323,707,594
crop001614.png,994,823,person,549,347,669,599
crop001614.png,994,823,person,457,350,567,604
crop001614.png,994,823,person,333,439,416,676
crop001614.png,994,823,person,362,332,483,649
crop001614.png,994,823,person,202,330,280,563
crop001615.png,841,748,person,586,282,669,498
crop001615.png,841,748,person,722,406,779,596
crop001615.png,841,748,person,758,318,841,565
crop001615.png,841,748,person,223,261,345,580
crop001615.png,841,748,person,37,253,209,688
crop001616.png,1247,626,person,8,164,124,564
crop001616.png,1247,626,person,170,185,295,626
crop001616.png,1247,626,person,282,126,419,581
crop001616.png,1247,626,person,396,253,503,619
crop001616.png,1247,626,person,491,179,570,452
crop001616.png,1247,626,person,566,193,664,541
crop001616.png,1247,626,person,665,208,774,568
crop001616.png,1247,626,person,895,206,978,452
crop001616.png,1247,626,person,855,197,899,329
crop001616.png,1247,626,person,966,212,1004,316
crop001616.png,1247,626,person,1005,199,1060,333
crop001616.png,1247,626,person,1057,208,1099,369
crop001616.png,1247,626,person,1093,222,1130,337
crop001617.png,677,707,person,310,287,443,606
crop001617.png,677,707,person,58,355,334,702
crop001617.png,677,707,person,75,300,118,427
crop001617.png,677,707,person,36,293,72,434
crop001617.png,677,707,person,1,289,32,426
crop001618.png,1143,960,person,235,243,383,707
crop001618.png,1143,960,person,724,259,830,678
crop001618.png,1143,960,person,887,240,1021,635
crop001619.png,1097,960,person,141,291,285,814
crop001619.png,1097,960,person,342,261,461,584
crop001619.png,1097,960,person,445,280,579,540
crop001619.png,1097,960,person,787,283,902,604
crop001619.png,1097,960,person,716,291,805,531
crop001619.png,1097,960,person,609,278,691,526
crop001619.png,1097,960,person,386,454,611,809
crop001619.png,1097,960,person,615,413,812,788
crop001620.png,835,602,person,684,226,735,402
crop001620.png,835,602,person,747,245,790,382
crop001620.png,835,602,person,630,247,679,418
crop001620.png,835,602,person,571,256,617,370
crop001620.png,835,602,person,472,218,540,458
crop001620.png,835,602,person,436,251,497,405
crop001620.png,835,602,person,323,222,413,472
crop001620.png,835,602,person,244,247,315,432
crop001620.png,835,602,person,155,245,240,455
crop001620.png,835,602,person,86,281,133,399
crop001620.png,835,602,person,57,274,102,413
crop001620.png,835,602,person,31,294,92,424
crop001620.png,835,602,person,10,277,42,403
crop001621.png,697,509,person,471,119,548,386
crop001621.png,697,509,person,541,134,608,349
crop001621.png,697,509,person,395,160,453,289
crop001621.png,697,509,person,629,93,693,351
crop001621.png,697,509,person,371,157,401,288
crop001621.png,697,509,person,343,169,390,302
crop001621.png,697,509,person,319,164,349,301
crop001621.png,697,509,person,283,191,337,304
crop001621.png,697,509,person,208,171,287,401
crop001622.png,367,430,person,240,162,302,300
crop001622.png,367,430,person,188,147,248,324
crop001623.png,1083,960,person,587,222,789,900
crop001623.png,1083,960,person,275,211,502,876
crop001623.png,1083,960,person,1,205,147,899
crop001623.png,1083,960,person,480,207,624,731
crop001623.png,1083,960,person,804,263,875,540
crop001623.png,1083,960,person,949,266,1015,492
crop001623.png,1083,960,person,917,240,973,437
crop001623.png,1083,960,person,861,270,923,440
crop001624.png,529,572,person,354,200,432,442
crop001624.png,529,572,person,321,174,380,400
crop001624.png,529,572,person,1,144,189,571
crop001624.png,529,572,person,191,178,256,496
crop001624.png,529,572,person,245,195,313,387
crop001625.png,331,344,person,142,113,182,237
crop001626.png,449,615,person,210,186,325,450
crop001626.png,449,615,person,152,129,215,307
crop001627.png,720,960,person,276,224,517,815
crop001628.png,585,781,person,86,132,269,694
crop001629.png,965,783,person,614,267,744,641
crop001629.png,965,783,person,448,200,590,685
crop001629.png,965,783,person,333,178,470,685
crop001630.png,305,321,person,136,82,189,216
crop001632.png,234,409,person,161,132,221,326
crop001635.png,758,960,person,387,380,557,835
crop001635.png,758,960,person,173,273,422,878
crop001635.png,758,960,person,46,367,158,641
crop001635.png,758,960,person,510,277,605,499
crop001635.png,758,960,person,435,247,514,473
crop001635.png,758,960,person,601,251,668,494
crop001635.png,758,960,person,564,236,625,478
crop001635.png,758,960,person,647,246,739,504
crop001636.png,995,830,person,146,502,410,817
crop001636.png,995,830,person,500,272,610,620
crop001636.png,995,830,person,596,278,707,623
crop001636.png,995,830,person,337,314,434,676
crop001636.png,995,830,person,234,279,325,564
crop001636.png,995,830,person,425,254,494,639
crop001636.png,995,830,person,652,271,928,764
crop001637.png,1063,828,person,341,304,434,558
crop001637.png,1063,828,person,431,276,490,471
crop001637.png,1063,828,person,493,275,564,475
crop001637.png,1063,828,person,523,267,659,644
crop001640.png,606,960,person,262,158,545,807
crop001642.png,1273,960,person,224,202,400,741
crop001642.png,1273,960,person,495,257,650,705
crop001642.png,1273,960,person,839,224,913,503
crop001642.png,1273,960,person,903,252,1067,752
crop001642.png,1273,960,person,399,218,478,423
crop001642.png,1273,960,person,452,213,506,384
crop001643.png,405,482,person,10,152,101,477
crop001643.png,405,482,person,239,195,405,477
crop001643.png,405,482,person,121,143,203,401
crop001643.png,405,482,person,209,128,272,352
crop001644.png,389,641,person,118,182,238,539
crop001646.png,841,594,person,237,211,323,440
crop001646.png,841,594,person,342,212,426,434
crop001646.png,841,594,person,413,228,487,485
crop001646.png,841,594,person,580,213,634,436
crop001646.png,841,594,person,632,232,688,447
crop001646.png,841,594,person,539,242,586,422
crop001647.png,551,417,person,258,169,315,297
crop001647.png,551,417,person,212,160,260,296
crop001647.png,551,417,person,169,188,195,259
crop001647.png,551,417,person,154,179,174,254
crop001647.png,551,417,person,129,177,157,259
crop001648.png,935,711,person,457,230,565,583
crop001648.png,935,711,person,238,244,312,481
crop001648.png,935,711,person,10,317,98,458
crop001649.png,1050,960,person,504,320,679,776
crop001649.png,1050,960,person,268,283,407,602
crop001649.png,1050,960,person,108,289,230,658
crop001649.png,1050,960,person,382,261,451,446
crop001650.png,592,522,person,313,154,375,335
crop001650.png,592,522,person,219,180,293,433
crop001650.png,592,522,person,436,242,592,517
crop001650.png,592,522,person,50,183,262,516
crop001650.png,592,522,person,175,156,238,293
crop001651.png,1151,919,person,501,269,642,706
crop001651.png,1151,919,person,431,250,535,604
crop001651.png,1151,919,person,286,240,401,633
crop001652.png,494,960,person,58,154,263,800
crop001652.png,494,960,person,378,176,485,462
crop001655.png,918,740,person,430,245,538,522
crop001655.png,918,740,person,342,258,434,520
crop001655.png,918,740,person,213,241,287,453
crop001655.png,918,740,person,65,242,136,419
crop001655.png,918,740,person,2,243,69,495
crop001656.png,789,578,person,404,183,466,368
crop001656.png,789,578,person,372,167,414,365
crop001656.png,789,578,person,141,165,206,315
crop001657.png,865,526,person,729,152,806,421
crop001657.png,865,526,person,825,125,864,427
crop001657.png,865,526,person,582,160,688,376
crop001657.png,865,526,person,456,147,517,318
crop001657.png,865,526,person,361,141,461,396
crop001657.png,865,526,person,146,134,246,377
crop001662.png,665,516,person,231,207,273,351
crop001662.png,665,516,person,178,205,238,340
crop001662.png,665,516,person,96,193,156,339
crop001663.png,756,595,person,284,159,366,390
crop001663.png,756,595,person,528,254,586,399
crop001665.png,1222,923,person,208,262,389,724
crop001666.png,858,928,person,413,348,551,707
crop001666.png,858,928,person,203,328,331,701
crop001666.png,858,928,person,635,383,718,551
crop001667.png,665,960,person,549,244,617,415
crop001667.png,665,960,person,423,233,507,435
crop001667.png,665,960,person,7,224,73,428
crop001668.png,804,544,person,434,198,488,336
crop001668.png,804,544,person,171,143,244,293
crop001668.png,804,544,person,283,97,329,199
crop001668.png,804,544,person,369,127,405,221
crop001668.png,804,544,person,404,109,438,205
crop001668.png,804,544,person,560,119,581,205
crop001668.png,804,544,person,581,80,608,216
crop001668.png,804,544,person,600,107,635,209
crop001668.png,804,544,person,597,47,637,147
crop001668.png,804,544,person,241,14,268,93
crop001668.png,804,544,person,262,20,297,105
crop001668.png,804,544,person,295,17,317,108
crop001668.png,804,544,person,361,16,401,101
crop001668.png,804,544,person,395,25,441,109
crop001668.png,804,544,person,479,21,504,91
crop001668.png,804,544,person,651,12,688,100
crop001668.png,804,544,person,678,16,713,106
crop001668.png,804,544,person,337,13,372,97
crop001668.png,804,544,person,311,30,348,109
crop001669.png,780,507,person,149,317,246,467
crop001669.png,780,507,person,22,225,64,326
crop001669.png,780,507,person,97,251,133,356
crop001669.png,780,507,person,138,239,172,324
crop001669.png,780,507,person,293,238,319,321
crop001669.png,780,507,person,312,214,348,330
crop001669.png,780,507,person,336,235,376,329
crop001669.png,780,507,person,345,93,378,161
crop001669.png,780,507,person,326,162,371,246
crop001669.png,780,507,person,391,145,419,220
crop001669.png,780,507,person,406,137,440,230
crop001669.png,780,507,person,515,90,558,149
crop001669.png,780,507,person,576,243,615,338
crop001669.png,780,507,person,549,240,582,298
crop001669.png,780,507,person,200,137,229,236
crop001669.png,780,507,person,43,154,65,225
crop001669.png,780,507,person,28,138,54,222
crop001669.png,780,507,person,4,143,32,234
crop001669.png,780,507,person,67,141,89,209
crop001669.png,780,507,person,136,148,179,210
crop001669.png,780,507,person,93,137,130,205
crop001671.png,704,960,person,271,289,491,789
crop001672.png,690,957,person,241,242,428,801
crop001673.png,501,702,person,199,128,352,530
crop001674.png,651,915,person,185,175,464,719
crop001675.png,616,824,person,200,283,351,631
crop001675.png,616,824,person,48,211,193,437
crop001677.png,334,312,person,125,113,173,214
crop001677.png,334,312,person,71,106,104,213
crop001678.png,339,283,person,85,115,120,197
crop001678.png,339,283,person,143,93,180,205
crop001678.png,339,283,person,174,106,213,199
crop001679.png,1131,960,person,167,266,237,525
crop001679.png,1131,960,person,241,266,363,637
crop001679.png,1131,960,person,361,284,399,420
crop001679.png,1131,960,person,404,278,469,413
crop001679.png,1131,960,person,462,303,584,648
crop001679.png,1131,960,person,577,287,696,689
crop001679.png,1131,960,person,696,276,789,572
crop001679.png,1131,960,person,804,295,1002,828
crop001680.png,415,506,person,225,172,293,334
crop001680.png,415,506,person,154,183,214,383
crop001680.png,415,506,person,1,145,164,505
crop001681.png,458,782,person,171,206,300,636
crop001681.png,458,782,person,1,149,145,780
crop001685.png,254,424,person,75,92,171,320
crop001686.png,176,257,person,63,98,111,186
crop001687.png,690,960,person,141,128,347,721
crop001689.png,531,960,person,59,128,202,751
crop001689.png,531,960,person,165,103,300,684
crop001689.png,531,960,person,262,87,444,609
crop001689.png,531,960,person,358,106,477,509
crop001690.png,890,665,person,420,436,572,663
crop001690.png,890,665,person,240,214,365,526
crop001690.png,890,665,person,336,163,464,461
crop001690.png,890,665,person,287,1,364,147
crop001690.png,890,665,person,370,28,439,164
crop001690.png,890,665,person,549,218,634,491
crop001690.png,890,665,person,651,284,759,585
crop001690.png,890,665,person,796,185,884,476
crop001691.png,542,665,person,41,329,159,561
crop001691.png,542,665,person,208,422,302,619
crop001691.png,542,665,person,186,237,314,477
crop001691.png,542,665,person,238,75,295,243
crop001691.png,542,665,person,307,123,359,361
crop001691.png,542,665,person,336,191,397,458
crop001691.png,542,665,person,412,48,493,244
crop001691.png,542,665,person,366,38,429,188
crop001691.png,542,665,person,1,43,65,249
crop001691.png,542,665,person,186,48,242,266
crop001692.png,302,862,person,179,276,301,681
crop001692.png,302,862,person,31,183,172,576
crop001692.png,302,862,person,150,1,248,240
crop001693.png,456,631,person,201,432,328,628
crop001693.png,456,631,person,59,437,188,624
crop001693.png,456,631,person,147,249,237,433
crop001693.png,456,631,person,314,217,394,463
crop001693.png,456,631,person,245,172,312,385
crop001694.png,971,815,person,525,400,666,797
crop001694.png,971,815,person,360,228,472,565
crop001694.png,971,815,person,242,350,465,790
crop001694.png,971,815,person,880,26,968,340
crop001694.png,971,815,person,308,77,417,289
crop001694.png,971,815,person,457,1,573,266
crop001694.png,971,815,person,108,530,329,809
crop001694.png,971,815,person,231,100,314,255
crop001694.png,971,815,person,232,2,308,147
crop001695.png,817,576,person,376,332,502,576
crop001695.png,817,576,person,90,302,178,558
crop001695.png,817,576,person,132,350,236,570
crop001695.png,817,576,person,185,155,268,385
crop001695.png,817,576,person,134,144,187,321
crop001695.png,817,576,person,378,163,431,312
crop001695.png,817,576,person,506,220,565,456
crop001695.png,817,576,person,616,145,685,348
crop001695.png,817,576,person,432,161,499,336
crop001696.png,1013,781,person,807,145,950,697
crop001696.png,1013,781,person,934,193,1013,693
crop001696.png,1013,781,person,646,202,769,611
crop001696.png,1013,781,person,358,166,472,587
crop001696.png,1013,781,person,289,162,374,526
crop001696.png,1013,781,person,457,178,542,550
crop001697.png,698,956,person,45,182,268,785
crop001697.png,698,956,person,262,160,457,487
crop001697.png,698,956,person,449,205,608,464
crop001698.png,729,558,person,235,144,316,432
crop001698.png,729,558,person,91,158,173,458
crop001698.png,729,558,person,9,177,98,486
crop001698.png,729,558,person,183,160,235,444
crop001698.png,729,558,person,420,162,500,394
crop001699.png,669,960,person,214,167,365,774
crop001699.png,669,960,person,1,244,105,667
crop001699.png,669,960,person,420,259,524,522
crop001699.png,669,960,person,356,270,436,563
crop001700.png,649,849,person,253,237,392,612
crop001700.png,649,849,person,164,258,254,628
crop001700.png,649,849,person,6,119,142,840
crop001701.png,434,878,person,248,186,406,676
crop001702.png,686,688,person,397,220,481,523
crop001702.png,686,688,person,221,232,312,496
crop001702.png,686,688,person,115,224,212,494
crop001703.png,684,960,person,351,272,485,772
crop001703.png,684,960,person,195,261,380,784
crop001703.png,684,960,person,1,277,168,898
crop001705.png,539,701,person,344,226,411,553
crop001705.png,539,701,person,407,218,500,520
crop001705.png,539,701,person,280,235,364,534
crop001705.png,539,701,person,148,223,262,542
crop001707.png,813,710,person,255,185,385,565
crop001707.png,813,710,person,476,194,652,693
crop001707.png,813,710,person,393,197,482,495
crop001708.png,492,960,person,172,187,320,744
crop001708.png,492,960,person,1,167,106,499
crop001708.png,492,960,person,96,158,188,450
crop001708.png,492,960,person,325,120,481,769
crop001709.png,477,388,person,264,103,314,237
crop001709.png,477,388,person,79,87,131,195
crop001710.png,588,513,person,352,169,399,310
crop001710.png,588,513,person,437,203,479,310
crop001710.png,588,513,person,287,191,326,287
crop001710.png,588,513,person,209,187,272,366
crop001710.png,588,513,person,135,177,228,422
crop001711.png,966,890,person,525,286,671,683
crop001711.png,966,890,person,411,273,497,573
crop001711.png,966,890,person,280,281,443,741
crop001711.png,966,890,person,209,303,309,619
crop001711.png,966,890,person,144,253,238,569
crop001711.png,966,890,person,115,290,185,505
crop001711.png,966,890,person,24,263,124,526
crop001712.png,691,709,person,405,251,535,644
crop001712.png,691,709,person,204,353,353,698
crop001713.png,453,960,person,348,244,453,622
crop001713.png,453,960,person,228,233,361,646
crop001713.png,453,960,person,78,218,300,817
crop001714.png,475,960,person,297,118,464,948
crop001714.png,475,960,person,148,250,243,667
crop001714.png,475,960,person,215,139,335,859
crop001717.png,661,447,person,210,113,283,295
crop001717.png,661,447,person,616,31,661,168
crop001720.png,431,758,person,253,374,325,586
crop001720.png,431,758,person,148,360,234,594
crop001720.png,431,758,person,210,384,241,512
crop001720.png,431,758,person,375,364,414,495
crop001720.png,431,758,person,76,390,112,473
crop001720.png,431,758,person,40,388,78,467
crop001721.png,283,289,person,91,78,134,194
crop001806.png,585,588,person,470,154,514,327
crop001806.png,585,588,person,509,184,541,318
crop001806.png,585,588,person,427,158,482,325
crop001806.png,585,588,person,348,149,415,294
crop001806.png,585,588,person,289,153,386,375
crop001806.png,585,588,person,194,121,293,412
crop001806.png,585,588,person,110,164,205,392
crop001806.png,585,588,person,41,183,100,383
crop001806.png,585,588,person,1,181,54,381
crop001807.png,396,517,person,75,297,273,503
crop001807.png,396,517,person,133,140,173,305
crop001807.png,396,517,person,228,151,270,331
crop001807.png,396,517,person,259,140,314,331
crop001808.png,437,709,person,177,183,262,552
crop001809.png,497,697,person,312,173,387,524
crop001809.png,497,697,person,255,211,341,471
crop001809.png,497,697,person,125,209,220,510
crop001809.png,497,697,person,24,302,109,479
crop001810.png,488,718,person,289,291,388,581
crop001810.png,488,718,person,219,260,294,593
crop001811.png,327,808,person,121,143,266,580
crop001812.png,546,433,person,289,148,364,369
crop001812.png,546,433,person,162,176,221,358
crop001813.png,249,362,person,112,103,173,238
crop001814.png,274,313,person,93,91,137,215
crop001815.png,344,350,person,195,119,229,256
crop001815.png,344,350,person,145,133,195,260
crop001815.png,344,350,person,59,154,82,227
crop001816.png,406,614,person,220,171,333,536
crop001817.png,329,430,person,127,121,179,300
crop001817.png,329,430,person,68,230,150,325
crop001817.png,329,430,person,194,171,286,297
crop001818.png,275,473,person,40,152,139,350
crop001819.png,320,339,person,132,95,177,195
crop001820.png,416,594,person,161,152,249,462
crop001823.png,218,294,person,93,82,131,203
crop001824.png,476,333,person,210,263,475,328
crop001824.png,476,333,person,279,136,305,235
crop001824.png,476,333,person,323,137,350,239
crop001824.png,476,333,person,75,152,106,217
crop001824.png,476,333,person,181,155,202,227
crop001824.png,476,333,person,402,146,429,216
crop001829.png,546,390,person,294,153,348,278
crop001829.png,546,390,person,213,157,249,282
crop001829.png,546,390,person,150,154,187,278
crop001830.png,387,435,person,175,163,240,346
crop001831.png,404,407,person,277,168,327,301
crop001831.png,404,407,person,183,183,270,269
crop001831.png,404,407,person,120,128,173,259
crop001832.png,324,302,person,66,80,101,205
crop001832.png,324,302,person,103,104,130,176
crop001832.png,324,302,person,139,95,163,178
crop001832.png,324,302,person,165,78,197,185
crop001832.png,324,302,person,205,84,237,192
crop001832.png,324,302,person,243,80,279,162
crop001833.png,316,295,person,9,101,38,172
crop001833.png,316,295,person,87,94,115,187
crop001833.png,316,295,person,121,73,154,201
crop001833.png,316,295,person,164,91,197,202
crop001833.png,316,295,person,196,102,218,199
crop001833.png,316,295,person,235,99,261,206
crop001835.png,774,927,person,356,110,551,828
crop001835.png,774,927,person,245,144,401,804
crop001836.png,905,760,person,562,115,665,706
crop001836.png,905,760,person,476,135,582,666
crop001836.png,905,760,person,376,98,500,638
crop001836.png,905,760,person,257,124,381,666
crop001837.png,639,479,person,94,97,121,176
crop001837.png,639,479,person,168,98,198,171
crop001837.png,639,479,person,529,151,600,220
crop001837.png,639,479,person,380,76,438,298
crop001837.png,639,479,person,310,83,385,341
crop001837.png,639,479,person,144,105,293,382
crop001838.png,639,479,person,525,114,590,402
crop001838.png,639,479,person,431,126,495,390
crop001838.png,639,479,person,359,123,424,407
crop001838.png,639,479,person,285,131,344,377
crop001838.png,639,479,person,218,119,290,387
crop001838.png,639,479,person,142,131,209,380
crop001838.png,639,479,person,60,140,127,374
crop001838.png,639,479,person,17,138,64,380
crop001839.png,639,479,person,29,119,113,359
crop001839.png,639,479,person,404,123,500,427
crop001840.png,583,346,person,418,102,492,340
crop001840.png,583,346,person,361,114,405,346
crop001840.png,583,346,person,315,81,361,311
crop001840.png,583,346,person,279,107,334,328
crop001840.png,583,346,person,241,104,284,319
crop001840.png,583,346,person,195,85,235,326
crop001840.png,583,346,person,121,75,212,324
crop001840.png,583,346,person,392,94,440,343
crop001841.png,639,479,person,554,126,605,389
crop001841.png,639,479,person,434,142,500,394
crop001841.png,639,479,person,341,161,405,358
crop001841.png,639,479,person,282,148,340,347
crop001841.png,639,479,person,204,134,276,351
crop001841.png,639,479,person,157,159,209,350
crop001841.png,639,479,person,139,150,168,285
crop001841.png,639,479,person,96,138,138,307
crop001842.png,639,479,person,583,273,634,393
crop001842.png,639,479,person,523,209,577,388
crop001842.png,639,479,person,483,230,519,389
crop001842.png,639,479,person,445,229,495,369
crop001842.png,639,479,person,391,210,449,366
crop001842.png,639,479,person,354,227,395,344
crop001842.png,639,479,person,305,184,342,341
crop001842.png,639,479,person,249,171,304,328
crop001842.png,639,479,person,227,207,260,315
crop001842.png,639,479,person,213,182,237,302
crop001842.png,639,479,person,165,235,213,308
crop001842.png,639,479,person,73,180,104,256
crop001842.png,639,479,person,98,167,116,256
crop001842.png,639,479,person,140,166,168,277
crop001842.png,639,479,person,116,167,136,259
crop001843.png,639,479,person,51,239,145,476
crop001843.png,639,479,person,142,231,219,471
crop001843.png,639,479,person,225,222,300,479
crop001843.png,639,479,person,309,202,373,443
crop001843.png,639,479,person,371,200,415,354
crop001843.png,639,479,person,454,170,502,394
crop001843.png,639,479,person,481,168,524,356
crop001843.png,639,479,person,522,181,544,398
crop001843.png,639,479,person,540,165,589,354
crop_000010.png,594,720,person,219,86,431,678
crop_000011.png,586,720,person,139,63,383,612
crop_000603.png,362,720,person,63,36,293,687
crop_000606.png,583,428,person,168,117,242,380
crop_000606.png,583,428,person,225,87,285,358
crop_000606.png,583,428,person,289,91,353,321
crop_000606.png,583,428,person,376,105,425,279
crop_000606.png,583,428,person,431,119,459,205
crop_000606.png,583,428,person,459,126,481,195
crop_000606.png,583,428,person,482,122,501,200
crop_000607.png,878,714,person,216,72,416,654
crop_000607.png,878,714,person,615,65,761,695
crop_000607.png,878,714,person,515,70,641,567
crop_000608.png,368,469,person,122,95,240,401
person_044.png,640,480,person,261,108,402,407
person_044.png,640,480,person,24,154,69,291
person_050.png,640,480,person,336,85,462,435
person_050.png,640,480,person,88,103,121,196
person_060.png,640,480,person,278,202,348,370
person_061.png,640,480,person,200,155,280,365
person_086.png,480,640,person,220,132,324,567
person_086.png,480,640,person,211,35,312,230
person_091.png,480,640,person,184,158,299,510
person_091.png,480,640,person,363,175,418,363
person_091.png,480,640,person,110,174,159,294
person_091.png,480,640,person,19,179,65,303
person_097.png,480,640,person,275,82,393,579
person_097.png,480,640,person,123,118,232,579
person_097.png,480,640,person,8,99,131,441
person_101.png,480,640,person,364,216,454,445
person_101.png,480,640,person,197,162,291,507
person_101.png,480,640,person,1,212,124,527
person_102.png,480,640,person,161,45,320,487
person_102.png,480,640,person,24,97,127,310
person_102.png,480,640,person,93,7,173,227
person_102.png,480,640,person,45,21,112,236
person_103.png,480,640,person,218,209,286,403
person_106.png,480,640,person,212,253,289,425
person_111.png,480,640,person,158,117,315,598
person_111.png,480,640,person,22,131,132,503
person_111.png,480,640,person,105,122,164,372
person_111.png,480,640,person,287,142,341,350
person_112.png,480,640,person,302,98,405,627
person_112.png,480,640,person,169,99,291,571
person_112.png,480,640,person,6,76,179,609
person_114.png,480,640,person,227,70,426,633
person_114.png,480,640,person,53,13,238,634
person_117.png,480,640,person,164,133,336,571
person_117.png,480,640,person,88,162,159,358
person_117.png,480,640,person,6,139,45,260
person_119.png,480,640,person,164,143,304,528
person_119.png,480,640,person,342,125,375,187
person_119.png,480,640,person,134,144,184,308
person_121.png,480,640,person,185,135,328,512
person_121.png,480,640,person,151,103,187,230
person_121.png,480,640,person,133,110,161,217
person_124.png,480,640,person,250,51,338,272
person_124.png,480,640,person,45,327,263,633
person_126.png,480,640,person,182,97,340,508
person_126.png,480,640,person,128,141,175,306
person_126.png,480,640,person,65,150,129,312
person_128.png,640,480,person,361,135,434,342
person_128.png,640,480,person,568,87,597,195
person_128.png,640,480,person,279,105,350,284
person_128.png,640,480,person,201,103,251,309
person_128.png,640,480,person,248,89,282,225
person_128.png,640,480,person,79,89,117,222
person_128.png,640,480,person,61,89,83,187
person_129.png,640,480,person,328,158,406,369
person_129.png,640,480,person,268,166,330,388
person_129.png,640,480,person,161,198,243,374
person_129.png,640,480,person,238,174,281,355
person_130.png,640,480,person,290,83,424,407
person_130.png,640,480,person,208,151,357,451
person_130.png,640,480,person,263,74,290,207
person_130.png,640,480,person,227,83,252,144
person_130.png,640,480,person,196,75,225,127
person_131.png,640,480,person,381,165,446,365
person_131.png,640,480,person,297,160,357,381
person_131.png,640,480,person,199,171,299,389
person_133.png,640,480,person,326,142,409,381
person_133.png,640,480,person,234,160,319,391
person_133.png,640,480,person,92,221,155,376
person_133.png,640,480,person,57,188,90,283
person_133.png,640,480,person,30,198,52,280
person_139.png,640,480,person,488,116,569,347
person_139.png,640,480,person,412,108,501,389
person_139.png,640,480,person,240,103,349,434
person_139.png,640,480,person,175,145,277,441
person_139.png,640,480,person,57,121,141,404
person_139.png,640,480,person,118,105,181,291
person_139.png,640,480,person,338,129,374,329
person_141.png,640,480,person,241,111,378,374
person_141.png,640,480,person,114,112,153,214
person_142.png,640,480,person,259,14,417,437
person_142.png,640,480,person,111,193,210,390
person_143.png,640,480,person,299,56,409,399
person_143.png,640,480,person,234,71,317,376
person_143.png,640,480,person,94,70,218,396
person_156.png,640,480,person,332,198,429,406
person_156.png,640,480,person,254,186,337,423
person_156.png,640,480,person,317,8,390,172
person_160.png,640,480,person,346,114,450,417
person_160.png,640,480,person,232,131,334,406
person_160.png,640,480,person,197,117,267,304
person_160.png,640,480,person,60,121,168,439
person_160.png,640,480,person,6,88,68,420
person_162.png,640,480,person,308,140,410,428
person_162.png,640,480,person,202,134,301,406
person_165.png,640,480,person,279,208,345,394
person_165.png,640,480,person,317,169,355,283
person_165.png,640,480,person,257,173,292,254
person_166.png,640,480,person,339,154,407,401
person_166.png,640,480,person,244,149,328,408
person_167.png,640,480,person,319,169,381,367
person_167.png,640,480,person,274,167,319,371
person_168.png,640,480,person,313,191,359,342
person_168.png,640,480,person,250,197,294,339
person_169.png,640,480,person,279,124,396,393
person_169.png,640,480,person,178,121,283,399
person_170.png,640,480,person,437,153,512,400
person_170.png,640,480,person,297,152,346,283
person_170.png,640,480,person,209,140,303,398
person_171.png,640,480,person,299,169,376,405
person_171.png,640,480,person,191,166,290,413
person_172.png,640,480,person,366,175,454,403
person_172.png,640,480,person,298,180,368,398
person_172.png,640,480,person,237,169,290,331
person_173.png,640,480,person,381,117,477,438
person_173.png,640,480,person,294,125,381,429
person_174.png,640,480,person,421,210,504,376
person_174.png,640,480,person,316,92,434,378
person_174.png,640,480,person,183,165,257,371
person_175.png,640,480,person,552,129,617,333
person_175.png,640,480,person,452,123,521,323
person_175.png,640,480,person,348,132,412,320
person_175.png,640,480,person,184,142,247,336
person_175.png,640,480,person,107,140,174,344
person_175.png,640,480,person,79,150,120,263
person_176.png,640,480,person,354,91,469,436
person_176.png,640,480,person,250,120,346,416
person_176.png,640,480,person,65,137,117,274
person_176.png,640,480,person,21,131,59,265
person_176.png,640,480,person,212,137,261,286
person_176.png,640,480,person,164,207,199,297
person_176.png,640,480,person,159,131,208,219
person_177.png,640,480,person,333,134,421,405
person_177.png,640,480,person,519,139,580,293
person_177.png,640,480,person,229,118,310,403
person_177.png,640,480,person,28,143,90,224
person_178.png,640,480,person,459,139,547,425
person_178.png,640,480,person,368,150,482,401
person_178.png,640,480,person,146,134,283,447
person_179.png,640,480,person,265,132,392,423
person_181.png,640,480,person,381,167,450,388
person_181.png,640,480,person,263,156,334,403
person_181.png,640,480,person,92,141,230,480
person_185.png,640,480,person,456,193,531,358
person_185.png,640,480,person,397,174,450,413
person_185.png,640,480,person,351,166,412,375
person_185.png,640,480,person,305,177,376,397
person_185.png,640,480,person,217,231,256,372
person_185.png,640,480,person,230,198,302,365
person_187.png,640,480,person,495,203,561,409
person_187.png,640,480,person,541,210,592,398
person_187.png,640,480,person,411,263,464,430
person_187.png,640,480,person,352,236,409,433
person_187.png,640,480,person,287,215,347,431
person_187.png,640,480,person,226,211,274,322
person_187.png,640,480,person,202,199,229,299
person_195.png,640,480,person,320,163,400,400
person_195.png,640,480,person,266,184,328,403
person_195.png,640,480,person,230,168,268,298
person_195.png,640,480,person,186,183,241,294
person_195.png,640,480,person,123,178,162,284
person_195.png,640,480,person,65,180,121,353
person_195.png,640,480,person,32,169,83,350
person_196.png,640,480,person,329,63,450,405
person_196.png,640,480,person,181,88,281,399
person_196.png,640,480,person,80,94,111,211
person_196.png,640,480,person,115,95,152,220
person_196.png,640,480,person,157,97,198,214
person_196.png,640,480,person,498,111,534,201
person_196.png,640,480,person,466,100,493,218
person_196.png,640,480,person,431,94,477,221
person_196.png,640,480,person,272,99,314,211
person_199.png,640,480,person,522,175,586,311
person_199.png,640,480,person,450,169,516,296
person_199.png,640,480,person,387,182,448,354
person_199.png,640,480,person,357,178,412,391
person_199.png,640,480,person,296,161,375,394
person_199.png,640,480,person,223,165,276,401
person_199.png,640,480,person,124,154,214,416
person_201.png,640,480,person,512,227,535,310
person_201.png,640,480,person,483,223,509,316
person_201.png,640,480,person,450,220,479,315
person_201.png,640,480,person,314,225,350,355
person_201.png,640,480,person,170,225,206,337
person_201.png,640,480,person,141,222,170,340
person_201.png,640,480,person,112,221,147,335
person_201.png,640,480,person,282,238,312,313
person_201.png,640,480,person,250,234,278,314
person_201.png,640,480,person,225,230,250,314
person_201.png,640,480,person,198,227,231,312
person_201.png,640,480,person,383,216,410,323
person_201.png,640,480,person,609,225,640,308
person_202.png,640,480,person,421,153,495,385
person_202.png,640,480,person,207,101,284,376
person_202.png,640,480,person,273,113,317,247
person_202.png,640,480,person,361,98,406,284
person_202.png,640,480,person,325,102,354,205
person_202.png,640,480,person,479,111,521,242
person_202.png,640,480,person,536,104,602,263
person_203.png,640,480,person,7,190,52,331
person_203.png,640,480,person,189,194,226,299
person_203.png,640,480,person,234,199,259,320
person_203.png,640,480,person,266,191,301,309
person_203.png,640,480,person,309,196,335,304
person_203.png,640,480,person,351,205,393,320
person_203.png,640,480,person,409,188,445,305
person_203.png,640,480,person,470,199,509,316
person_203.png,640,480,person,446,189,479,309
person_208.png,640,480,person,297,109,416,458
person_208.png,640,480,person,419,83,476,246
person_209.png,640,480,person,296,137,412,476
person_209.png,640,480,person,235,149,317,437
person_211.png,640,480,person,393,147,486,429
person_211.png,640,480,person,226,38,300,180
person_211.png,640,480,person,183,119,272,347
person_214.png,640,480,person,406,134,505,454
person_214.png,640,480,person,369,134,426,427
person_214.png,640,480,person,192,123,273,418
person_219.png,640,480,person,377,118,480,433
person_219.png,640,480,person,303,176,382,437
person_219.png,640,480,person,106,133,144,337
person_219.png,640,480,person,190,132,285,441
person_219.png,640,480,person,56,136,88,221
person_219.png,640,480,person,70,149,117,290
person_220.png,640,480,person,358,203,425,371
person_220.png,640,480,person,310,102,366,280
person_220.png,640,480,person,230,105,292,275
person_220.png,640,480,person,200,158,243,260
person_221.png,640,480,person,326,136,417,365
person_221.png,640,480,person,223,133,372,470
person_223.png,640,480,person,370,48,472,409
person_223.png,640,480,person,437,40,469,111
person_223.png,640,480,person,192,48,337,449
person_224.png,640,480,person,381,109,469,403
person_224.png,640,480,person,482,156,556,427
person_224.png,640,480,person,312,126,381,411
person_224.png,640,480,person,226,106,339,459
person_225.png,640,480,person,404,63,528,456
person_225.png,640,480,person,218,42,347,454
person_225.png,640,480,person,44,16,201,365
person_228.png,640,480,person,296,91,383,448
person_228.png,640,480,person,387,102,450,447
person_228.png,640,480,person,216,94,308,418
person_228.png,640,480,person,138,72,188,225
person_229.png,640,480,person,428,78,508,240
person_229.png,640,480,person,358,94,477,472
person_229.png,640,480,person,230,87,341,470
person_229.png,640,480,person,1,91,101,456
person_229.png,640,480,person,326,93,374,246
person_229.png,640,480,person,316,158,361,264
person_231.png,640,480,person,355,80,475,473
person_231.png,640,480,person,257,35,386,476
person_231.png,640,480,person,97,111,228,451
person_231.png,640,480,person,3,36,114,260
person_232.png,640,480,person,357,55,474,465
person_232.png,640,480,person,186,9,363,455
person_232.png,640,480,person,39,80,110,243
person_233.png,640,480,person,412,148,507,408
person_233.png,640,480,person,248,157,292,260
person_233.png,640,480,person,169,158,272,419
person_234.png,640,480,person,328,160,411,369
person_234.png,640,480,person,237,170,313,366
person_234.png,640,480,person,212,166,272,343
person_234.png,640,480,person,108,142,193,338
person_235.png,640,480,person,357,65,486,431
person_235.png,640,480,person,188,103,343,467
person_237.png,640,480,person,320,118,413,426
person_237.png,640,480,person,234,143,332,418
person_237.png,640,480,person,451,126,495,236
person_237.png,640,480,person,503,127,541,229
person_237.png,640,480,person,546,129,586,213
person_238.png,640,480,person,352,99,457,429
person_238.png,640,480,person,180,116,308,398
person_238.png,640,480,person,78,83,107,186
person_238.png,640,480,person,99,87,134,184
person_239.png,640,480,person,292,72,390,429
person_239.png,640,480,person,210,71,281,438
person_240.png,640,480,person,314,83,457,445
person_240.png,640,480,person,171,74,341,451
person_241.png,640,480,person,338,74,481,448
person_241.png,640,480,person,180,43,331,431
person_242.png,640,480,person,225,79,359,462
person_242.png,640,480,person,343,15,474,444
person_243.png,640,480,person,194,135,279,417
person_243.png,640,480,person,115,126,201,423
person_244.png,640,480,person,192,103,306,417
person_244.png,640,480,person,301,42,407,438
person_244.png,640,480,person,382,72,497,453
person_245.png,640,480,person,325,131,510,394
person_245.png,640,480,person,232,165,344,429
person_245.png,640,480,person,88,47,260,442
person_252.png,640,480,person,398,116,509,457
person_252.png,640,480,person,223,165,318,420
person_252.png,640,480,person,187,145,258,429
person_253.png,640,480,person,332,150,450,450
person_253.png,640,480,person,446,123,526,341
person_253.png,640,480,person,254,131,330,355
person_253.png,640,480,person,148,110,203,379
person_253.png,640,480,person,201,180,281,389
person_253.png,640,480,person,86,138,126,249
person_253.png,640,480,person,134,114,179,230
person_254.png,640,480,person,378,169,472,385
person_254.png,640,480,person,278,123,359,390
person_254.png,640,480,person,208,98,303,406
person_256.png,640,480,person,336,100,421,437
person_256.png,640,480,person,240,163,346,356
